name,price,type,color,psu,side_panel,external_volume,internal_35_bays
Corsair 4000D Airflow,89.99,ATX Mid Tower,Black,,Tinted Tempered Glass,48.6,2
NZXT H5 Flow,94.99,ATX Mid Tower,Black,,Tempered Glass,47,1
NZXT H9 Flow,154.99,ATX Mid Tower,White,,Tempered Glass,66.9,2
Lian Li O11 Dynamic EVO,169.99,ATX Mid Tower,White / Gray,,Tempered Glass,60.8,6
NZXT H5 Flow,87.99,ATX Mid Tower,White,,Tempered Glass,47,1
NZXT H9 Flow,159.99,ATX Mid Tower,Black,,Tempered Glass,66.9,2
Phanteks Eclipse G300A (1 Fan),39.99,ATX Mid Tower,Black,,Tempered Glass,37.2,1
Deepcool CC560,,ATX Mid Tower,Black,,Tempered Glass,41.7,2
Montech AIR 903 MAX,75,ATX Mid Tower,Black,,Tempered Glass,54.2,2
Cooler Master MasterBox Q300L,44.94,MicroATX Mini Tower,Black,,Acrylic,33.6,1
Lian Li O11 Dynamic EVO,149.99,ATX Mid Tower,Black,,Tinted Tempered Glass,60.8,6
NZXT H6 Flow,109.99,ATX Mid Tower,White,,Tempered Glass,51.8,1
NZXT H6 Flow,109.99,ATX Mid Tower,Black,,Tempered Glass,51.8,1
Corsair iCUE 4000X RGB,144.99,ATX Mid Tower,Black,,Tempered Glass,48.6,2
Fractal Design North,139.99,ATX Mid Tower,Black,,Tempered Glass,45.1,2
Montech X3 Mesh,54.99,ATX Mid Tower,Black,,Tempered Glass,,2
Corsair 4000D Airflow,89.99,ATX Mid Tower,White,,Tinted Tempered Glass,48.6,2
NZXT H7 Flow,114.99,ATX Mid Tower,Black,,Tempered Glass,55.8,2
Silverstone ALTA F2,993.7,ATX Full Tower,Black,,Tempered Glass,98.9,8
Deepcool CH370,59.99,MicroATX Mid Tower,Black,,Tempered Glass,38.3,2
Montech AIR 100 ARGB,64.99,MicroATX Mid Tower,Black,,Tempered Glass,,2
Lian Li LANCOOL 216,99.99,ATX Mid Tower,Black,,Tempered Glass,55.6,2
Asus Prime AP201,74.98,MicroATX Mini Tower,Black,,Mesh,33,3
Lian Li O11 Dynamic Mini Snow Edition,119.99,ATX Mid Tower,White,,Tempered Glass,43,2
Montech AIR 903 BASE,65,ATX Mid Tower,Black,,Tempered Glass,54.2,2
NZXT H6 Flow RGB,134.99,ATX Mid Tower,White,,Tempered Glass,51.8,1
HYTE Y70 Touch,375.98,ATX Mid Tower,White,,Tempered Glass,70.7,2
Corsair 5000D AIRFLOW,174.99,ATX Mid Tower,Black,,Tempered Glass,,2
Montech AIR 100 ARGB,66.9,MicroATX Mid Tower,White,,Tempered Glass,,2
Phanteks Eclipse G300A (3 Fan),,ATX Mid Tower,Black,,Tempered Glass,37.2,1
Fractal Design Pop Air,79.99,ATX Mid Tower,Black,,Tempered Glass,46.2,2
NZXT H5 Flow RGB,119.99,ATX Mid Tower,Black,,Tempered Glass,47,1
Cooler Master MasterBox NR200P,109.99,Mini ITX Desktop,Black,,Tempered Glass,20.3,2
Cooler Master MasterBox NR200,82.99,Mini ITX Desktop,Black,,,,2
Lian Li O11 Dynamic EVO XL,234.99,ATX Full Tower,Black,,Tempered Glass,84.4,4
Fractal Design Terra,179.99,Mini ITX Desktop,Black / Brown,,Mesh,11.4,0
Corsair 3000D AIRFLOW,84.99,ATX Mid Tower,Black,,Tempered Glass,49.5,2
NZXT H5 Flow RGB,113.99,ATX Mid Tower,White,,Tempered Glass,47,1
Fractal Design Pop Mini Air,89.99,MicroATX Mid Tower,Black,,Tempered Glass,36.5,2
MagniumGear NEO AIR (2023),,ATX Mid Tower,Black,,Tempered Glass,41.4,2
Lian Li PC-O11 Dynamic,119.99,ATX Full Tower,White,,Tempered Glass,54,3
Corsair 7000D AIRFLOW,209.99,ATX Full Tower,Black,,Tempered Glass,81.8,6
Montech AIR 903 MAX,79,ATX Mid Tower,White,,Tempered Glass,54.2,2
Fractal Design Pop Air RGB,89.99,ATX Mid Tower,Black,,Tempered Glass,46.2,2
NZXT H6 Flow RGB,134.99,ATX Mid Tower,Black,,Tempered Glass,51.8,1
Fractal Design Pop XL Air,109.99,ATX Full Tower,Black,,Tempered Glass,62.4,3
Phanteks NV5,99.99,ATX Mid Tower,Black,,Tempered Glass,60.2,3
HYTE Y60,199,ATX Mid Tower,White / Black,,Tempered Glass,,2
NZXT H9 Elite,239.99,ATX Mid Tower,White,,Tempered Glass,66.9,2
Phanteks Eclipse G360A,,ATX Mid Tower,Black,,Tempered Glass,42.3,2
Fractal Design Meshify C,99.99,ATX Mid Tower,Black,,Tinted Tempered Glass,40.6,2
Thermaltake Versa H18,51.99,MicroATX Mini Tower,Black,,Tempered Glass,30.4,2
Fractal Design Terra,179.99,Mini ITX Desktop,Green / Brown,,Mesh,11.4,0
Lian Li O11 Dynamic Mini,109.99,ATX Mid Tower,Black,,Tempered Glass,43,2
HYTE Y60,189,ATX Mid Tower,Black,,Tempered Glass,,2
Fractal Design North,139.99,ATX Mid Tower,White,,Tempered Glass,45.1,2
be quiet! Pure Base 500DX,89.9,ATX Mid Tower,Black,,Tempered Glass,48.3,2
Corsair iCUE 4000D RGB AIRFLOW,129.99,ATX Mid Tower,Black,,Tempered Glass,48.6,2
NZXT H510i,89.99,ATX Mid Tower,White,,Tempered Glass,41.3,2
Lian Li O11 Vision,144.99,ATX Mid Tower,White,,Tempered Glass,67.8,2
Lian Li O11 Dynamic EVO XL,234.99,ATX Full Tower,White,,Tempered Glass,84.4,4
Deepcool CC560,58.98,ATX Mid Tower,White,,Tempered Glass,41.7,2
NZXT H9 Elite,239.99,ATX Mid Tower,Black,,Tempered Glass,66.9,2
HYTE Y60 Snow White,196.99,ATX Mid Tower,White,,Tempered Glass,,2
Lian Li LANCOOL 216,99.99,ATX Mid Tower,White,,Tempered Glass,55.6,2
Lian Li LANCOOL 216,96.99,ATX Mid Tower,Black,,Tempered Glass,55.6,2
NZXT H5 Elite,139.99,ATX Mid Tower,Black,,Tempered Glass,47,1
Zalman S2,54.99,ATX Mid Tower,Black,,Acrylic,38.4,2
Cooler Master MasterBox Lite 5 RGB,13.99,ATX Mid Tower,Black,,Tempered Glass,42.7,2
HYTE Y70 Touch,,ATX Mid Tower,Black,,Tempered Glass,70.7,2
Lian Li O11 Vision,139.95,ATX Mid Tower,Black,,Tempered Glass,67.8,2
Fractal Design Pop Mini Air,89.99,MicroATX Mid Tower,White,,Tempered Glass,36.5,2
MSI MAG FORGE 112R,69.99,ATX Mid Tower,Black,,Tempered Glass,42.5,2
Lian Li O11 Air Mini,109.99,ATX Mid Tower,Black,,Tempered Glass,44.2,4
Asus ROG Strix Helios,299.99,ATX Full Tower,Black,,Tempered Glass,83.5,2
MagniumGear NEO AIR (2023),39.99,ATX Mid Tower,White / Black,,Tempered Glass,41.4,2
Phanteks NV5,99.99,ATX Mid Tower,White,,Tempered Glass,60.2,3
Lian Li A4-H20 X4,,Mini ITX Desktop,Black,,Mesh,11.1,0
Deepcool MATREXX 40 3FS,64.99,MicroATX Mini Tower,Black,,Tempered Glass,,2
Deepcool MATREXX 40,54.99,MicroATX Mini Tower,Black,,Tempered Glass,,2
Fractal Design North,139.99,ATX Mid Tower,Black,,Mesh,45.1,2
Lian Li PC-O11 Dynamic,222.19,ATX Full Tower,Black,,Tempered Glass,54,3
SAMA IM01,54.99,MicroATX Mini Tower,Black,,,21.9,5
Corsair iCUE 7000X RGB,279.99,ATX Full Tower,Black,,Tempered Glass,81.8,6
Deepcool CH370,62.98,MicroATX Mid Tower,White,,Tempered Glass,38.3,2
Corsair 2000D AIRFLOW,69.24,Mini ITX Tower,Black,,Mesh,24.8,0
Corsair iCUE 4000X RGB,144.99,ATX Mid Tower,White,,Tempered Glass,48.6,2
Antec NX200M,54.99,MicroATX Mid Tower,Black,,Tempered Glass,,2
NZXT H7 Flow,114.99,ATX Mid Tower,White,,Tempered Glass,55.8,2
Asus Prime AP201,74.98,MicroATX Mini Tower,White,,Mesh,33,3
NZXT H5 Elite,139.99,ATX Mid Tower,White,,Tempered Glass,47,1
Lian Li LANCOOL 205M MESH,89.99,MicroATX Mini Tower,Black,,Tempered Glass,33.8,2
Fractal Design Focus G,59.98,ATX Mid Tower,Black,,Acrylic,42.2,2
Fractal Design Terra,179.99,Mini ITX Desktop,Silver / Brown,,Mesh,11.4,0
Lian Li LANCOOL III RGB,139,ATX Mid Tower,Black,,Tempered Glass,65.5,4
NZXT H510,99.98,ATX Mid Tower,Black,,Tempered Glass,41.3,2
Cooler Master Cosmos Infinity 30th Anniversary,949.99,ATX Full Tower,Black / Silver,,Tempered Glass,129.5,2
Fractal Design Ridge PCIe 4.0,129.99,Mini ITX Tower,Black,,Mesh,16.3,0
BitFenix Nova Mesh M ARGB,,MicroATX Mini Tower,Black,,Tempered Glass,31.6,2
Fractal Design Meshify C,104.99,ATX Mid Tower,Black,,Tempered Glass,40.6,2
Corsair iCUE 5000D RGB AIRFLOW,219.99,ATX Mid Tower,Black,,Tempered Glass,,2
Montech SKY TWO,94.99,ATX Mid Tower,Black,,Tempered Glass,45.3,2
Cooler Master MasterBox NR200,93.99,Mini ITX Desktop,White / Black,,,,2
Phanteks Enthoo Pro,99.99,ATX Full Tower,Black,,Acrylic,68.6,6
Montech X3 Mesh,64.98,ATX Mid Tower,White,,Tempered Glass,,2
BitFenix Nova Mesh M ARGB,,MicroATX Mini Tower,White,,Tempered Glass,31.6,2
Phanteks Eclipse G360A,69.99,ATX Mid Tower,White,,Tempered Glass,42.3,2
Corsair Obsidian Series 1000D,514.99,ATX Full Tower,Black,,Tempered Glass,,5
Deepcool MACUBE 110,88.3,MicroATX Mini Tower,Black,,Tempered Glass,38.8,2
NZXT H7 Flow RGB,144.99,ATX Mid Tower,Black,,Tempered Glass,55.8,2
Deepcool CC360 ARGB,58.98,MicroATX Mini Tower,Black,,Tinted Tempered Glass,38.7,2
Thermaltake Versa H17,49.99,MicroATX Mini Tower,Black,,,30.4,2
MSI MPG GUNGNIR 110R,84.98,ATX Mid Tower,Black,,Tempered Glass,,2
Fractal Design Torrent,199.99,ATX Mid Tower,Black,,Tinted Tempered Glass,69.8,2
Cooler Master MasterBox TD500 Mesh White w/ Controller,96.99,ATX Mid Tower,White,,Tempered Glass,,2
Cooler Master Q300L V2,57.99,MicroATX Mini Tower,Black,,Tempered Glass,34.1,1
Fractal Design Define R5,124.99,ATX Mid Tower,Black,,,54.2,8
Asus Prime AP201,78.87,MicroATX Mini Tower,Black,,Tempered Glass,33,3
Phanteks Eclipse P400A Digital,89.99,ATX Mid Tower,White,,Tempered Glass,45.9,2
Montech KING 95 PRO,149,ATX Mid Tower,Black,,Tempered Glass,63,5
HYTE Y40,149,ATX Mid Tower,Black,,Tempered Glass,49.7,1
Cooler Master MasterBox NR200P,98.99,Mini ITX Desktop,White / Black,,Tempered Glass,20.3,2
Fractal Design North,139.99,ATX Mid Tower,White,,Mesh,45.1,2
MSI MAG FORGE 100R,104.66,ATX Mid Tower,Black,,Tempered Glass,,2
Lian Li A4-H20 A4,158.99,Mini ITX Desktop,Silver / Black,,Mesh,11.1,0
Corsair 3000D RGB AIRFLOW,114.99,ATX Mid Tower,Black,,Tempered Glass,49.5,2
Lian Li LANCOOL 215,95.99,ATX Mid Tower,Black,,Tempered Glass,,2
Cooler Master MasterBox TD500 Mesh V2,99.99,ATX Mid Tower,,,Tempered Glass,52.4,2
NZXT H510,99.98,ATX Mid Tower,White,,Tempered Glass,41.3,2
Montech KING 95 PRO,159,ATX Mid Tower,White,,Tempered Glass,63,5
CiT Home RGB,114.09,MicroATX Mid Tower,Black,,,,3
Deepcool MATREXX 50 ADD-RGB 4F,89.26,ATX Mid Tower,Black,,Tempered Glass,44.5,2
GAMDIAS APOLLO E2 ELITE,59.99,ATX Mid Tower,Black,,Tempered Glass,,2
Fractal Design Focus 2,69.99,ATX Mid Tower,Black,,,45.8,2
Asus TUF Gaming GT502,144.99,ATX Mid Tower,Black,,Tempered Glass,57.2,4
Corsair iCUE 5000X RGB,214.99,ATX Mid Tower,Black,,Tempered Glass,,2
Fractal Design Ridge PCIe 4.0,129.99,Mini ITX Tower,White,,Mesh,16.3,0
Deepcool MATREXX 30,,MicroATX Mini Tower,Black,,Tempered Glass,29.6,3
Fractal Design Pop Air,89.99,ATX Mid Tower,White,,Tempered Glass,46.2,2
Deepcool CH560,109.99,ATX Mid Tower,Black,,Tempered Glass,49.6,2
BitFenix Nova Mesh SE,89.9,ATX Mid Tower,Black,,Tempered Glass,36.1,2
Aerocool CS-106,,MicroATX Mini Tower,Black,,,23.9,1
be quiet! Pure Base 500 FX,119.9,ATX Mid Tower,Black,,Tempered Glass,48.3,2
MSI MAG FORGE 100M,157.18,ATX Mid Tower,Black,,Tempered Glass,,2
Phanteks Eclipse P200A DRGB,,Mini ITX Tower,Black,,Tempered Glass,29.9,0
Montech AIR 903 BASE,69,ATX Mid Tower,White,,Tempered Glass,54.2,2
MSI MAG FORGE M100R,,MicroATX Mini Tower,Black,,Tempered Glass,32.8,2
NZXT H510 Elite,159.99,ATX Mid Tower,White / Black,,Tempered Glass,41.3,2
NZXT H7 Elite,165.44,ATX Mid Tower,,,Tempered Glass,55.8,2
Fractal Design Pop Air,79.99,ATX Mid Tower,Black,,,46.2,2
Azza Spectra,59.99,ATX Mid Tower,Black,,Tempered Glass,33.4,2
Asus Prime AP201,79.98,MicroATX Mini Tower,White,,Tempered Glass,33,3
Thermaltake Core V1,57.98,Mini ITX Desktop,Black,,,22.4,2
Corsair iCUE 4000D RGB AIRFLOW,129.99,ATX Mid Tower,White,,Tempered Glass,48.6,2
Antec NX410,64.99,ATX Mid Tower,Black,,Tempered Glass,39.7,2
Lian Li O11 Air Mini,119.99,ATX Mid Tower,White,,Tempered Glass,44.2,4
MUSETEX K2,109.99,ATX Mid Tower,Black,,Tempered Glass,44.4,2
Antec AX61 ELITE,64.99,ATX Mid Tower,Black,,Tempered Glass,36.4,2
Deepcool MACUBE 110,85.25,MicroATX Mini Tower,White,,Tempered Glass,38.8,2
NZXT H7 Flow,114.99,ATX Mid Tower,White / Black,,Tempered Glass,55.8,2
NZXT H7 Elite,178.7,ATX Mid Tower,,,Tempered Glass,55.8,2
Lian Li LANCOOL III,144.99,ATX Mid Tower,Black,,Tempered Glass,65.5,4
Zalman T6,49.99,ATX Mid Tower,Black,,,32.4,2
Fractal Design Meshify 2 XL,199.99,ATX Full Tower,Black,,Tinted Tempered Glass,81.5,6
Antec DF700 FLUX,94.99,ATX Mid Tower,Black,,Tempered Glass,49.9,3
Fractal Design Node 304,109.98,Mini ITX Tower,Black / White,,,19.5,6
DIYPC ARGB-Q3,,MicroATX Mini Tower,Black,,Tempered Glass,40.5,2
Phanteks Enthoo Elite,884.99,ATX Full Tower,Black,,Tinted Tempered Glass,124.5,6
Fractal Design Pop XL Air,109.99,ATX Full Tower,White,,Tempered Glass,62.4,3
Phanteks NV7,189.99,ATX Full Tower,Black,,Tempered Glass,78.9,2
Thermaltake Versa H15,73.33,MicroATX Mid Tower,Black,,,,3
be quiet! Pure Base 500,79.9,ATX Mid Tower,Black,,,46,2
Fractal Design Node 804,136.98,MicroATX Mid Tower,Black,,Acrylic,41.1,10
Montech SKY TWO,99.99,ATX Mid Tower,White,,Tempered Glass,45.3,2
Deepcool CC560 ARGB,239,ATX Mid Tower,Black,,Tempered Glass,41.7,2
NZXT H7 Flow RGB,144.99,ATX Mid Tower,White,,Tempered Glass,55.8,2
Cooler Master MasterBox TD500 Mesh w/ Controller,99.99,ATX Mid Tower,Black,,Tempered Glass,,2
SAMA SAMA-Z4,,ATX Mid Tower,White / Black,,Tempered Glass,39.2,2
Antec NX500M,49.99,MicroATX Mini Tower,Black,,Tempered Glass,34.6,2
Cooler Master N200,59.99,MicroATX Mini Tower,Black,,,33.8,3
Cooler Master HAF 700 EVO,499.99,ATX Full Tower,Gray / Black,,Tempered Glass,,12
Phanteks NV7,199.99,ATX Full Tower,White,,Tempered Glass,78.9,2
Lian Li PC-O11 Dynamic Razer,219,ATX Full Tower,Black,,Tempered Glass,54,3
Corsair iCUE 5000D RGB AIRFLOW,219.99,ATX Mid Tower,White,,Tempered Glass,,2
Deepcool CC560 V2,72.48,ATX Mid Tower,Black,,Tempered Glass,44.9,2
Thermaltake Core V21,69.98,MicroATX Mini Tower,Black,,Acrylic,45.6,3
Fractal Design Meshify 2 Mini,109.99,MicroATX Mid Tower,Black,,Tinted Tempered Glass,33,2
Zalman S3,54.99,ATX Mid Tower,Black,,Acrylic,,2
Lian Li Lancool II Mesh C Performance,94.99,ATX Mid Tower,Black,,Tempered Glass,54.1,3
Fractal Design Focus 2,79.98,ATX Mid Tower,Black,,Tempered Glass,45.8,2
Rosewill FBM-X1,,MicroATX Mini Tower,Black,,Acrylic,22.2,1
Deepcool CH560 DIGITAL,114.99,ATX Mid Tower,Black,,Tempered Glass,49.6,2
Fractal Design Meshify C,99.99,ATX Mid Tower,White / Black,,Tempered Glass,40.6,2
Fractal Design Meshify 2,159.99,ATX Mid Tower,Black,,Tinted Tempered Glass,61.7,6
Cooler Master MasterBox Q300L,,MicroATX Mini Tower,White,,Acrylic,33.6,1
HYTE Y40,144.99,ATX Mid Tower,White,,Tempered Glass,49.7,1
Asus TUF Gaming GT501,139.99,ATX Mid Tower,Black / Gray,,Tempered Glass,75.5,4
Aerocool Trinity Mini V2,71.45,MicroATX Mini Tower,Black,,Tempered Glass,28.1,2
Lian Li LANCOOL 205M MESH,95.99,MicroATX Mini Tower,White,,Tempered Glass,33.8,2
Thermaltake S200 TG ARGB,80.98,ATX Mid Tower,Black,,Tempered Glass,38.2,2
DIYPC ARGB-Q3,,MicroATX Mini Tower,White,,Tempered Glass,40.5,2
Corsair iCUE 7000X RGB,269.99,ATX Full Tower,White,,Tempered Glass,81.8,6
DIYPC ARGB Q10,73.94,ATX Mid Tower,White,,Tempered Glass,50.4,1
Aerocool CS-1103,,ATX Mid Tower,Black,,,29.9,2
Deepcool CG560,72.98,ATX Mid Tower,Black,,Tempered Glass,48.9,2
Lian Li Lancool II Mesh C RGB,129,ATX Mid Tower,White,,Tempered Glass,54.1,3
DIYPC F2,41.97,MicroATX Mini Tower,White,,Acrylic,,2
be quiet! Dark Base Pro 901,288.99,ATX Full Tower,Black,,Tempered Glass,94.5,2
Fractal Design Define 7,179.99,ATX Mid Tower,Black,,,62.4,6
Thermaltake Versa H18,146.77,MicroATX Mini Tower,Black,,Acrylic,30.4,2
Cooler Master QUBE 500 Flatpack,83.99,ATX Mid Tower,Black,,Tempered Glass,38.9,4
Corsair 3000D AIRFLOW,69.99,ATX Mid Tower,White,,Tempered Glass,49.5,2
Cougar MX330,47.99,ATX Mid Tower,Black,,Acrylic,39.4,2
HYTE Y40,149.99,ATX Mid Tower,White / Black,,Tempered Glass,49.7,1
Antec Performance 1 FT,134.99,ATX Full Tower,Black,,Tempered Glass,62.7,2
Thermaltake The Tower 200,103.99,Mini ITX Tower,Black,,Tempered Glass,45.1,2
Corsair iCUE 220T RGB Airflow,124.99,ATX Mid Tower,Black,,Tempered Glass,37.3,2
Deepcool CC360 ARGB,59.98,MicroATX Mini Tower,White,,Tinted Tempered Glass,38.7,2
HYTE Y70 Touch,,ATX Mid Tower,Black / White,,Tempered Glass,70.7,2
Lian Li O11D EVO RGB,159.99,ATX Mid Tower,Black,,Tempered Glass,65.3,4
MSI MPG VELOX 100R,139.49,ATX Mid Tower,Black,,Tempered Glass,53.7,2
Fractal Design Pop Air,79.99,ATX Mid Tower,White,,Tempered Glass,46.2,2
Lian Li LANCOOL 205 Mesh C,105.99,ATX Mid Tower,Black,,Tempered Glass,41.3,2
Thermaltake S100,59.99,MicroATX Mini Tower,Black,,Tempered Glass,,2
Fractal Design Pop Mini Silent,79.99,MicroATX Mid Tower,Black,,,36.5,2
Lian Li LANCOOL 205 Mesh C,124.99,ATX Mid Tower,Pink,,Tempered Glass,41.3,2
Phanteks ECLIPSE G500A DRGB,129.99,ATX Mid Tower,Black,,Tempered Glass,61.8,2
Fractal Design Torrent RGB,229.99,ATX Mid Tower,Black,,Tinted Tempered Glass,69.8,2
CiT Alpha,,MicroATX Mid Tower,Black,,Tempered Glass,27.1,2
Fractal Design Define 7 XL,224.99,ATX Full Tower,Black,,,82,6
CiT Dark Star,,ATX Mid Tower,Black,,Acrylic,41.3,2
Asus TUF Gaming GT301,89.99,ATX Mid Tower,Black,,Tempered Glass,43.9,2
Deepcool MATREXX 55 MESH ADD-RGB 4F,,ATX Mid Tower,Black,,Tempered Glass,44.4,2
Zalman i3 NEO,,ATX Mid Tower,Black / Silver,,Tempered Glass,44.7,2
Fractal Design Torrent,189.99,ATX Mid Tower,Black,,,69.8,2
GameMax M60,45.98,MicroATX Mid Tower,Black,,Mesh,29.4,2
Montech AIR 1000 PREMIUM,69.98,ATX Mid Tower,Black,,Tempered Glass,,2
Corsair 4000D Airflow,175.93,ATX Mid Tower,Black,850,Tempered Glass,48.6,2
be quiet! Shadow Base 800 FX,169.9,ATX Mid Tower,Black,,Tempered Glass,70.9,2
HYTE REVOLT 3,189.99,Mini ITX Tower,Black,700,Mesh,,1
Lian Li O11D XL-W,189.99,ATX Full Tower,White / Black,,Tempered Glass,68.9,4
NZXT H510 Flow,,ATX Mid Tower,White,,Tempered Glass,41.3,3
Phanteks Eclipse P300A Mesh,124.99,ATX Mid Tower,Black,,Tempered Glass,36.4,2
MUSETEX NN8,89.99,ATX Mid Tower,Black,,Tempered Glass,39.5,2
Cougar MX330-G,53.99,ATX Mid Tower,Black,,Tempered Glass,39.4,2
Antec NX410,74.98,ATX Mid Tower,White,,Tempered Glass,39.7,2
Thermaltake Core V1,54.98,Mini ITX Desktop,White,,Acrylic,22.4,2
Corsair iCUE 5000T RGB,399.99,ATX Mid Tower,Black,,Tempered Glass,,2
Thermaltake S100 Snow Edition,59.99,MicroATX Mini Tower,White / Black,,Tempered Glass,,2
Fractal Design Meshify 2 Compact TG Light Tint,124.99,ATX Mid Tower,Black,,Tempered Glass,42.3,2
Fractal Design Core 1000 USB 3.0,50.98,MicroATX Mid Tower,Black,,,25.8,2
Antec AX20,81.17,ATX Mid Tower,Black,,Tempered Glass,33.4,2
Deepcool CK560,131.16,ATX Mid Tower,White / Black,,Tempered Glass,,2
be quiet! Pure Base 500DX,79.9,ATX Mid Tower,White,,Tempered Glass,48.3,2
Thermaltake Versa H21,59.98,ATX Mid Tower,Black,,,42.8,3
Lian Li Lancool II Mesh,192.95,ATX Mid Tower,Black,,Tempered Glass,54.1,3
Lian Li LANCOOL III RGB,159.99,ATX Mid Tower,White,,Tempered Glass,65.5,4
DIYPC S3-BK-ARGB,52.98,ATX Mid Tower,Black,,Tempered Glass,36.8,2
Cooler Master TD300 Mesh,99.99,MicroATX Mini Tower,Black,,Tempered Glass,,2
Corsair 5000D AIRFLOW,169.99,ATX Mid Tower,White / Gray,,Tempered Glass,,2
KOLINK Observatory HF Mesh ARGB,,ATX Mid Tower,Black,,Tempered Glass,35,4
DIYPC F2,37.98,MicroATX Mini Tower,Black / Purple,,Acrylic,,2
Cougar MX330-X,57.98,ATX Mid Tower,Black,,,39.4,2
KOLINK OBSERVATORY LITE MESH RGB,,ATX Mid Tower,Black,,Tempered Glass,,2
Thermaltake V250 TG ARGB,86.35,ATX Mid Tower,Black,,Tempered Glass,,2
Fractal Design Pop XL Silent,99.99,ATX Full Tower,Black,,,62.4,3
Aerocool Cylon,,ATX Mid Tower,Black,,Acrylic,37.5,2
Cougar Archon 2 Mesh RGB,57.99,ATX Mid Tower,White,,Tempered Glass,37.5,2
Fractal Design Core 2300,67.13,ATX Mid Tower,Black,,,,4
Fractal Design Focus G,61.98,ATX Mid Tower,White,,Acrylic,42.2,2
Lian Li V3000 PLUS,399.99,ATX Full Tower,Black,,Tempered Glass,127.6,8
CiT Flash,,MicroATX Mid Tower,Black,,Tempered Glass,,2
Lian Li O11D EVO RGB,169.99,ATX Mid Tower,White,,Tempered Glass,65.3,4
SSUPD Meshroom S w/PCIe 4.0 RIser,280.2,ATX Mini Tower,Black,,Mesh,14.9,0
Corsair Carbide Series SPEC-DELTA RGB,,ATX Mid Tower,Black,,Tempered Glass,41.6,2
Phanteks Enthoo Pro 2,149.99,ATX Full Tower,Black,,Tempered Glass,,12
Corsair 7000D AIRFLOW,209.99,ATX Full Tower,White / Black,,Tempered Glass,81.8,6
Antec Dark Phantom DP301M,64.98,MicroATX Mid Tower,Black,,Acrylic,,2
Jonsbo C6,45,MicroATX Mini Tower,Black,,Mesh,15.9,1
Lian Li O11D XL-X,239,ATX Full Tower,Black,,Tempered Glass,68.9,4
Jonsbo N3,170,Mini ITX Desktop,Black,,,18.2,8
Corsair iCUE 5000X RGB QL Edition,199.99,ATX Mid Tower,White,,Tempered Glass,66.2,2
Phanteks Eclipse P600S,129.99,ATX Mid Tower,Gray / Black,,Tinted Tempered Glass,,4
GameMax M60,41.98,MicroATX Mid Tower,White,,Mesh,29.4,2
Fractal Design Torrent Compact RGB,169.99,ATX Mid Tower,Black,,Tinted Tempered Glass,46.7,1
Corsair 3000D RGB AIRFLOW,99.99,ATX Mid Tower,White,,Tempered Glass,49.5,2
be quiet! Silent Base 802,149.9,ATX Mid Tower,Black,,Tempered Glass,83.8,3
ZZEW A1 Plus,106.99,Mini ITX Tower,Silver,,Mesh,5.8,0
NZXT H210i,99.99,Mini ITX Tower,Black / Red,,Tempered Glass,27.3,1
GAMDIAS AURA GC1,56.18,ATX Mid Tower,Black,,Tempered Glass,31.1,2
HYTE Y70 Touch,,ATX Mid Tower,Black / Red,,Tempered Glass,70.7,2
Fractal Design Meshify 2,149.99,ATX Mid Tower,Black,,,61.7,6
Lian Li LANCOOL II-W,79.99,ATX Mid Tower,White / Black,,Tempered Glass,,3
Corsair 2000D RGB AIRFLOW,159.99,Mini ITX Tower,Black,,Mesh,24.8,0
Corsair iCUE 220T RGB Airflow,104.99,ATX Mid Tower,White,,Tempered Glass,37.3,2
Phanteks Enthoo Pro 2,129.99,ATX Full Tower,Black,,,,12
SAMA Sama-S88-BK,40.98,ATX Mid Tower,Black / Red,,Tempered Glass,37.7,2
GAMDIAS TALOS E3 MESH,62.99,ATX Mid Tower,White,,Tempered Glass,34.1,2
Thermaltake The Tower 100,99.99,Mini ITX Tower,Black,,Tempered Glass,,2
Corsair 2000D AIRFLOW,100.04,Mini ITX Tower,White,,Mesh,24.8,0
Cooler Master HAF XB EVO,,ATX Desktop,Black,,Mesh,61.7,2
Deepcool CK560,144.37,ATX Mid Tower,Black,,Tempered Glass,,2
GAMDIAS NESO P1,169.99,MicroATX Mini Tower,Black,,Tempered Glass,75.2,5
Fractal Design Focus 2 RGB,89.98,ATX Mid Tower,Black,,Tempered Glass,45.8,2
Phanteks ECLIPSE G500A DRGB (Fanless),69.99,ATX Mid Tower,Black,,Tempered Glass,61.8,2
Cooler Master MasterBox MB311L ARGB,72.36,MicroATX Mid Tower,Black,,Tempered Glass,,2
Asus TUF Gaming GT502,144.46,ATX Mid Tower,White,,Tempered Glass,57.2,4
HYTE Y60,189,ATX Mid Tower,Red / Black,,Tempered Glass,,2
Cooler Master MasterBox TD500 Mesh V2,94.99,ATX Mid Tower,White,,Tempered Glass,52.4,2
In Win Chopin MAX,121.74,Mini ITX Desktop,Gray,200,Mesh,4.4,0
BitFenix NOVA MESH SE TG,,ATX Mid Tower,White / Black,,Tempered Glass,36.1,2
Cooler Master MasterBox NR600 (w/o ODD),89.99,ATX Mid Tower,Black,,Tempered Glass,47.3,4
Phanteks Enthoo Pro Tempered Glass,110.99,ATX Full Tower,Black,,Tinted Tempered Glass,69.1,6
Antec AX90,69.99,ATX Mid Tower,Black,,Tempered Glass,48.3,2
Lian Li LANCOOL 205 Mesh C,110.99,ATX Mid Tower,White,,Tempered Glass,41.3,2
CiT Seven,112.56,MicroATX Mid Tower,Black,,Acrylic,,1
Lian Li Q58 (PCIe 4.0),,Mini ITX Desktop,Black,,Tempered Glass,14.5,0
DIYPC MA08,39.98,MicroATX Mini Tower,Black,,,20.5,1
KOLINK Observatory HF Mesh ARGB,,ATX Mid Tower,White,,Tempered Glass,35,4
Phanteks NV9,249.99,ATX Full Tower,Black,,Tempered Glass,99,3
Antec P20C,74.99,ATX Mid Tower,Black,,Tempered Glass,50.6,2
Lian Li LANCOOL 215,99.99,ATX Mid Tower,White,,Tempered Glass,,2
Tecware Forge M,,MicroATX Mini Tower,Black,,Tempered Glass,34.4,1
Corsair 275R Airflow,318.45,ATX Mid Tower,Black,,Tempered Glass,,2
Fractal Design Core 1100,51.99,MicroATX Mini Tower,Black,,,,2
MSI MPG GUNGNIR 300R AIRFLOW,164.99,ATX Mid Tower,Black,,Tempered Glass,60.5,2
Fractal Design Torrent Nano,312.13,Mini ITX Tower,Black,,Tinted Tempered Glass,34.6,1
Deepcool CK500 WH,88.98,ATX Mid Tower,White / Black,,Tempered Glass,49.4,2
Thermaltake S200 TG ARGB,79.98,ATX Mid Tower,White,,Tempered Glass,38.2,2
Corsair 4000D,94.99,ATX Mid Tower,Black,,Tempered Glass,48.6,2
NZXT H510 Elite,159.99,ATX Mid Tower,Black,,Tempered Glass,41.3,2
MagniumGear NEO QUBE 2 Infinity Mirror,,ATX Mid Tower,Black,,Tempered Glass,101.1,2
Anidees AI Crystal XL AR 3,,ATX Full Tower,Black,,Tempered Glass,86.7,15
Tecware Forge M2,,MicroATX Mid Tower,Black,,Tempered Glass,27.3,2
Cooler Master QUBE 500 Flatpack,81.99,ATX Mid Tower,White,,Tempered Glass,38.9,4
Phanteks Eclipse P400A Digital,109.99,ATX Mid Tower,Black,,Tempered Glass,45.9,2
Gigabyte AORUS C700,,ATX Full Tower,Black,,Tempered Glass,257.3,4
Jonsbo N2,130,Mini ITX Desktop,Black,,,11.1,5
GAMDIAS TALOS E3 WH,59.99,ATX Mid Tower,White / Black,,Tempered Glass,,2
Lian Li LANCOOL III,134.99,ATX Mid Tower,White,,Tempered Glass,65.5,4
Corsair Carbide Series 175R RGB,75.59,ATX Mid Tower,Black,,Tempered Glass,,2
Antec DF700 FLUX,94.99,ATX Mid Tower,White,,Tempered Glass,49.9,3
Cooler Master N400,84,ATX Mid Tower,Black,,,40.2,7
Jonsbo D31 MESH,89.99,MicroATX Mini Tower,Black,,Tempered Glass,31.3,1
ENDORFY Ventum 200 ARGB,,ATX Mid Tower,Black,,Tempered Glass,35.4,1
NZXT H510,99.98,ATX Mid Tower,Black / Red,,Tempered Glass,41.3,2
Phanteks ECLIPSE G500A DRGB,99.99,ATX Mid Tower,White,,Tempered Glass,61.8,2
Deepcool CH560 DIGITAL,114.99,ATX Mid Tower,White,,Tempered Glass,49.6,2
Jonsbo D30,91.99,MicroATX Mini Tower,Black,,Tempered Glass,26.6,1
Montech KING 95,109,ATX Mid Tower,Black,,Tempered Glass,63,5
KOLINK KLM-002,53.36,MicroATX Mini Tower,Black,,,9.6,0
Fractal Design Pop Air,89.99,ATX Mid Tower,Orange / Black,,Tempered Glass,46.2,2
Fractal Design Torrent,189.99,ATX Mid Tower,White,,Tempered Glass,69.8,2
Thermaltake Core W200,507.43,ATX Full Tower,Black,,Acrylic,,4
Fractal Design Define 7 Compact,114.99,ATX Mid Tower,Black,,,42.5,2
NZXT H7,129.99,ATX Mid Tower,White,,Tempered Glass,55.8,2
Fractal Design Meshify 2 RGB,187.98,ATX Mid Tower,Black,,Tempered Glass,61.7,6
MSI MAG FORGE 111R,92.4,ATX Mid Tower,Black,,Tempered Glass,42.5,2
Asus GX601,271.99,ATX Full Tower,White / Black,,Tempered Glass,83.5,2
Phanteks EVOLV SHIFT XT,99.99,Mini ITX Desktop,Silver / Black,,Tempered Glass,17.5,0
Fractal Design Focus G Mini,61.98,MicroATX Mini Tower,Black,,Acrylic,36.4,2
Thermaltake The Tower 500,154.99,ATX Mid Tower,Black,,Tempered Glass,93.9,8
Phanteks ECLIPSE G500A Performance,129.99,ATX Mid Tower,Black,,Tempered Glass,61.8,2
MSI MAG VAMPIRIC 100R,79.98,ATX Mid Tower,Black,,Tempered Glass,36.5,2
Azza Spectra,64.98,ATX Mid Tower,White,,Tempered Glass,33.4,2
Asus A21,79.09,MicroATX Mini Tower,Black,,Tempered Glass,44,2
Lian Li Q58 (PCIe 4.0),,Mini ITX Desktop,White,,Tempered Glass,14.5,0
NZXT H710,129.99,ATX Mid Tower,White,,Tempered Glass,,4
MSI MAG VAMPIRIC 010,169.79,ATX Mid Tower,Black,,Tempered Glass,41.9,2
DIYPC F2,39.91,MicroATX Mini Tower,Black / Orange,,Acrylic,,2
Thermaltake Tower 900,252.99,ATX Full Tower,Black,,Tempered Glass,153.6,6
Cooler Master TD300 Mesh,87,MicroATX Mini Tower,White / Black,,Tempered Glass,,2
Cougar Archon 2 Mesh RGB,57.99,ATX Mid Tower,Black,,Tempered Glass,37.5,2
Cooler Master MasterBox Q500L,123.35,ATX Mid Tower,Black,,Acrylic,33.8,1
Fractal Design Pop Air,89.99,ATX Mid Tower,Cyan / Black,,Tempered Glass,46.2,2
iBuypower Snowblind S,199.99,ATX Mid Tower,White,,Tempered Glass,43,2
Lian Li O11 Dynamic EVO,,ATX Mid Tower,Gray / Black,,Tinted Tempered Glass,60.8,6
Corsair iCUE 465X RGB,164.99,ATX Mid Tower,Black,,Tempered Glass,,2
Fractal Design Pop Silent,79.99,ATX Mid Tower,Black,,,46.2,2
Jonsbo N1,120,Mini ITX Desktop,Silver,,,12.7,5
Corsair iCUE 5000X RGB,199.99,ATX Mid Tower,White / Gray,,Tempered Glass,,2
Corsair Crystal Series 680X RGB,274.99,ATX Mid Tower,Black,,Tempered Glass,,3
