name,price,speed,modules,price_per_gb,color,first_word_latency,cas_latency
Corsair Vengeance LPX 16 GB,47.99,"4,3200","2,8",2.999,Black / Yellow,10,16
Corsair Vengeance 32 GB,124.99,"5,5600","2,16",3.906,Black,12.857,36
Corsair Vengeance RGB Pro 32 GB,99.99,"4,3600","2,16",3.125,Black,10,18
G.Skill Trident Z5 RGB 32 GB,114.99,"5,6000","2,16",3.593,Black,12,36
G.Skill Trident Z5 RGB 64 GB,214.99,"5,6400","2,32",3.359,Black / Silver,10,32
Corsair Vengeance LPX 32 GB,81.99,"4,3600","2,16",2.562,Black / Yellow,10,18
Corsair Vengeance RGB 32 GB,134.99,"5,6000","2,16",4.218,White,12,36
G.Skill Flare X5 32 GB,97,"5,6000","2,16",3.031,Black,12,36
Corsair Vengeance RGB Pro 16 GB,53.99,"4,3200","2,8",3.374,Black,10,16
Corsair Vengeance RGB 32 GB,129.99,"5,6000","2,16",4.062,Black,13.333,40
TEAMGROUP T-Force Delta RGB 32 GB,109.99,"5,6000","2,16",3.437,White,10,30
G.Skill Ripjaws V 32 GB,66.98,"4,3200","2,16",2.093,Black,10,16
Corsair Vengeance LPX 16 GB,39.99,"4,3600","2,8",2.499,Black,10,18
TEAMGROUP T-Force Delta RGB 32 GB,109.99,"5,6000","2,16",3.437,Black,10,30
Silicon Power GAMING 16 GB,32.97,"4,3200","2,8",2.061,Black / Gray,10,16
G.Skill Ripjaws S5 32 GB,109.99,"5,6000","2,16",3.437,Black,10,30
Corsair Vengeance 16 GB,69.98,"5,5200","2,8",4.374,Black,15.385,40
Corsair Vengeance 32 GB,114.99,"5,6000","2,16",3.593,Black / Gray,10,30
Corsair Vengeance RGB Pro SL 32 GB,94.99,"4,3600","2,16",2.968,White / Black,10,18
Corsair Vengeance 64 GB,169.99,"5,5200","2,32",2.656,Black,15.385,40
Corsair Vengeance LPX 32 GB,66.98,"4,3200","2,16",2.093,Black / Yellow,10,16
TEAMGROUP T-Force Vulcan Z 16 GB,35.99,"4,3200","2,8",2.249,Black,10,16
G.Skill Trident Z5 Neo RGB 32 GB,117.99,"5,6000","2,16",3.687,Black,10,30
Corsair Vengeance RGB Pro 64 GB,,"4,3200","4,16",,Black,10,16
Corsair Vengeance RGB 32 GB,105.99,"5,6000","2,16",3.312,Black,12,36
Corsair Vengeance RGB Pro 16 GB,64.98,"4,3200","2,8",4.061,White,10,16
Kingston FURY Beast 16 GB,48.9,"4,3200","2,8",3.056,Black,10,16
G.Skill Flare X5 32 GB,102.99,"5,6000","2,16",3.218,Black,10,30
G.Skill Ripjaws V 16 GB,47.99,"4,3600","2,8",2.999,Black,8.889,16
Silicon Power GAMING 32 GB,54.97,"4,3200","2,16",1.718,Black,10,16
G.Skill Ripjaws V 16 GB,40.99,"4,3200","2,8",2.562,Black,10,16
G.Skill Trident Z5 Neo 64 GB,199.99,"5,6000","2,32",3.125,Black / Silver,10,30
Corsair Vengeance 32 GB,102.99,"5,5200","2,16",3.218,Black,15.385,40
TEAMGROUP T-Force Vulcan Z 32 GB,63.99,"4,3600","2,16",2,Black,10,18
G.Skill Trident Z RGB 32 GB,81.96,"4,3200","2,16",2.561,Black,10,16
G.Skill Trident Z5 RGB 32 GB,129.99,"5,7200","2,16",4.062,Black,9.444,34
Corsair Dominator Platinum 32 GB,1674.47,"4,2666","4,8",52.327,Black / Silver,11.253,15
G.Skill Trident Z5 RGB 32 GB,119.99,"5,6400","2,16",3.75,Black,10,32
TEAMGROUP T-Force Delta RGB 32 GB,69.98,"4,3600","2,16",2.187,White,10,18
Crucial Pro 32 GB,108.72,"5,5600","2,16",3.397,Black,16.429,46
Corsair Vengeance RGB 32 GB,119.99,"5,6000","2,16",3.75,Gray,10,30
Corsair Vengeance LPX 64 GB,119.99,"4,3200","2,32",1.875,Black / Yellow,10,16
Corsair Dominator Platinum RGB 32 GB,174.99,"5,6200","2,16",5.468,White,11.613,36
Corsair Vengeance RGB 128 GB,449.99,"5,5600","4,32",3.516,Black,14.286,40
TEAMGROUP T-Force Delta RGB 16 GB,51.99,"4,3600","2,8",3.249,Black,10,18
Corsair Dominator Titanium 64 GB,319.99,"5,6600","2,32",5,White,9.697,32
Corsair Vengeance 64 GB,214.99,"5,6400","2,32",3.359,Black / Gray,10,32
Silicon Power Value Gaming 32 GB,94.97,"5,6000","2,16",2.968,Black,10,30
Kingston FURY Beast 32 GB,134.99,"5,6000","2,16",4.218,Black,12,36
G.Skill Ripjaws V 32 GB,76.98,"4,3600","2,16",2.406,Black,8.889,16
ADATA XPG Lancer Blade 32 GB,172.59,"5,6000","2,16",5.393,Black,10,30
G.Skill Trident Z RGB 16 GB,56.99,"4,3600","2,8",3.562,Black,10,18
Corsair Vengeance RGB 64 GB,219.99,"5,6000","2,32",3.437,Black,10,30
Kingston FURY Beast 32 GB,81.99,"4,3200","2,16",2.562,Black,10,16
TEAMGROUP T-Force Vulcan 32 GB,94.99,"5,6000","2,16",2.968,Black,12.667,38
TEAMGROUP T-Create Expert 32 GB,102.99,"5,6000","2,16",3.218,Black,10,30
Corsair Vengeance RGB 64 GB,239.99,"5,6000","2,32",3.75,Black,13.333,40
Corsair Vengeance 32 GB,99.99,"5,6000","2,16",3.125,Black,12,36
TEAMGROUP T-Force Delta RGB 32 GB,104.99,"5,6000","2,16",3.281,White,12.667,38
Crucial CT2K8G48C40U5 16 GB,49.99,"5,4800","2,8",3.124,Black,16.667,40
Kingston FURY Beast RGB 32 GB,139.75,"5,6000","2,16",4.367,Black,12,36
Kingston FURY Beast 16 GB,77.98,"5,6000","2,8",4.874,Black,13.333,40
G.Skill Ripjaws S5 32 GB,98,"5,6000","2,16",3.062,Black,12,36
TEAMGROUP T-Force Delta RGB 32 GB,69.98,"4,3600","2,16",2.187,Black,10,18
G.Skill Trident Z Royal 256 GB,1499,"4,3600","8,32",5.855,Gold,10,18
TEAMGROUP Vulcan Z 16 GB,36.99,"4,3600","2,8",2.312,Black,10,18
Corsair Vengeance RGB Pro 32 GB,79.98,"4,3200","2,16",2.499,Black,10,16
TEAMGROUP T-Force Delta RGB 16 GB,47.99,"4,3600","2,8",2.999,White,10,18
Silicon Power XPOWER Turbine 16 GB,32.97,"4,3200","2,8",2.061,Blue,10,16
Corsair Vengeance 32 GB,92.99,"5,4800","2,16",2.906,Black,16.667,40
G.Skill Trident Z 32 GB,754.94,"5,6000","2,16",23.592,White / Black,13.333,40
TEAMGROUP Elite 32 GB,54.99,"4,3200","2,16",1.718,Black,13.75,22
Corsair Vengeance LPX 8 GB,24.99,"4,2400","1,8",3.124,Black / Yellow,13.333,16
G.Skill Ripjaws S5 32 GB,102.99,"5,5600","2,16",3.218,Black,10,28
TEAMGROUP T-Force Vulcan 32 GB,87.99,"5,5600","2,16",2.75,Black,12.857,36
Crucial Pro 32 GB,66.67,"4,3200","2,16",2.083,Black,13.75,22
G.Skill Flare X5 64 GB,199.99,"5,6000","2,32",3.125,Black,10,30
Corsair Dominator Platinum RGB 32 GB,174.99,"5,6200","2,16",5.468,Black,11.613,36
TEAMGROUP T-Force Vulcan Z 32 GB,59.99,"4,3200","2,16",1.875,Gray,10,16
Corsair Vengeance LPX 16 GB,38.99,"4,3200","2,8",2.437,Black,10,16
OLOy MD4U083016BGDA 16 GB,33.99,"4,3000","2,8",2.124,Black,10.667,16
G.Skill Trident Z5 Neo RGB 64 GB,209.99,"5,6000","2,32",3.281,Black / Silver,10,30
Corsair Vengeance RGB 192 GB,719.99,"5,5200","4,48",3.75,Black,14.615,38
Corsair Vengeance 32 GB,119.99,"5,6400","2,16",3.75,Black,10,32
Corsair Vengeance RGB 32 GB,114.99,"5,5200","2,16",3.593,White,15.385,40
Corsair Vengeance RGB Pro 32 GB,97.99,"4,3200","2,16",3.062,White,10,16
G.Skill Trident Z Neo 32 GB,89.99,"4,3600","2,16",2.812,Black / Silver,8.889,16
Kingston HyperX Fury 16 GB,,"4,3200","2,8",,Black / Silver,10,16
Kingston FURY Beast RGB 16 GB,87.99,"5,6000","2,8",5.499,Black,13.333,40
G.Skill Trident Z5 Neo 32 GB,115.99,"5,6000","2,16",3.625,Black,10,30
Kingston FURY Beast 16 GB,69.98,"5,5200","2,8",4.374,Black,15.385,40
Corsair Vengeance RGB Pro 16 GB,64.99,"4,3600","2,8",4.062,Black,10,18
Corsair Vengeance 128 GB,429.99,"5,5600","4,32",3.359,Black,14.286,40
G.Skill Ripjaws V 32 GB,67.98,"4,4000","2,16",2.124,Black,9,18
TEAMGROUP T-Force Vulcan Z 16 GB,38.99,"4,3200","2,8",2.437,Gray,10,16
Corsair Vengeance RGB 32 GB,114.99,"5,5200","2,16",3.593,Black,15.385,40
Kingston ValueRAM 4 GB,9.99,"4,3200","1,4",2.498,Green,13.75,22
Patriot Viper Venom 16 GB,62.99,"5,5200","2,8",3.937,Black / White,13.846,36
Corsair Dominator Titanium 64 GB,339.99,"5,6400","4,16",5.312,White,10,32
Kingston FURY Beast 8 GB,26.81,"4,3200","1,8",3.351,Black,10,16
G.Skill Trident Z5 RGB 96 GB,399.99,"5,6800","2,48",4.167,Black,10,34
TEAMGROUP T-Force Vulcan 32 GB,89.99,"5,5600","2,16",2.812,Black,11.429,32
Corsair Vengeance RGB 32 GB,124.99,"5,6400","2,16",3.906,Black / Gray,10,32
Corsair Vengeance 16 GB,79.98,"3,1600","2,8",4.999,Black / Yellow,11.25,9
Corsair Dominator Platinum RGB 64 GB,329.9,"5,6800","2,32",5.155,Black,11.765,40
Corsair Vengeance LPX 16 GB,47.99,"4,3200","2,8",2.999,White,10,16
G.Skill Trident Z5 RGB 48 GB,399.99,"5,8400","2,24",8.333,Black,9.524,40
Corsair Vengeance RGB 32 GB,129.99,"5,6000","2,16",4.062,White / Silver,10,30
G.Skill Ripjaws S5 64 GB,199.99,"5,6000","2,32",3.125,Black,10,30
Corsair Vengeance LPX 64 GB,144.99,"4,3600","2,32",2.265,Black,10,18
Corsair Vengeance 64 GB,212.99,"5,6000","2,32",3.328,Black / Gray,10,30
Corsair Vengeance RGB RT 256 GB,1370.47,"4,3600","8,32",5.353,Black,10,18
G.Skill Aegis 16 GB,42.99,"4,3200","2,8",2.687,Red / Black,10,16
Silicon Power SP032GBLVU560FD2AD 32 GB,75.97,"5,5600","2,16",2.374,Black,16.429,46
Corsair Vengeance RGB 32 GB,139.99,"5,7200","2,16",4.375,Black,9.444,34
Corsair Vengeance RGB 64 GB,219.99,"5,6400","2,32",3.437,Black / Gray,10,32
Timetec PINNACLE Konduit 16 GB,39.99,"4,3600","2,8",2.499,White,10,18
Corsair Dominator Titanium 96 GB,449.99,"5,6600","2,48",4.687,Black,9.697,32
G.Skill Trident Z RGB 32 GB,81.99,"4,3600","2,16",2.562,Black,10,18
TEAMGROUP T-Create Expert 64 GB,179.99,"5,6000","2,32",2.812,Black,11.333,34
Corsair Vengeance RGB Pro 32 GB,124.99,"4,3200","4,8",3.906,Black,10,16
G.Skill Trident Z5 RGB 64 GB,259.99,"5,6800","2,32",4.062,Black,10,34
Corsair Vengeance 96 GB,375.62,"5,6400","2,48",3.913,Black,10,32
Kingston FURY Beast RGB 16 GB,54.99,"4,3200","2,8",3.437,Black,10,16
G.Skill Ripjaws S5 64 GB,189.99,"5,5600","2,32",2.969,Black,10,28
Corsair Dominator Titanium 64 GB,319.99,"5,6600","2,32",5,Black,9.697,32
G.Skill Trident Z Royal 256 GB,,"4,3200","8,32",,Gold,8.75,14
G.Skill Trident Z5 RGB 48 GB,259.99,"5,8000","2,24",5.416,Black,10,40
TEAMGROUP T-Force Vulcan 32 GB,84.99,"5,5200","2,16",2.656,Black,15.385,40
Corsair Vengeance RGB 32 GB,109.99,"5,5600","2,16",3.437,Black / Gray,14.286,40
TEAMGROUP T-Force Delta RGB 32 GB,96.99,"5,5200","2,16",3.031,White,15.385,40
G.Skill Trident Z5 RGB 32 GB,117.99,"5,6000","2,16",3.687,White / Black,10,30
G.Skill Ripjaws V 16 GB,40.99,"4,3600","2,8",2.562,Black,10,18
Corsair Vengeance LPX 16 GB,44.99,"4,2666","2,8",2.812,Black / Yellow,12.003,16
Patriot Viper Venom 32 GB,92.99,"5,6000","2,16",2.906,Black / White,12,36
TEAMGROUP T-Create Classic 32 GB,87.99,"5,6000","2,16",2.75,Black,16,48
TEAMGROUP Elite 16 GB,45.99,"5,4800","2,8",2.874,Black,16.667,40
Silicon Power SP016GLLTU160N22 16 GB,19.89,"3,1600","2,8",1.243,Green,13.75,11
G.Skill Ripjaws S5 32 GB,109.99,"5,6400","2,16",3.437,Black,10,32
Corsair Dominator Titanium 32 GB,184.99,"5,6000","2,16",5.781,White,10,30
Kingston FURY Beast 16 GB,84.11,"5,5600","2,8",5.257,Black / Silver,12.857,36
OLOy MD4U1636181CHKDA 32 GB,58.24,"4,3600","2,16",1.82,Black,10,18
TEAMGROUP T-Create Classic 32 GB,83.99,"5,5600","2,16",2.625,Black,16.429,46
G.Skill Trident Z RGB 64 GB,137.99,"4,3600","2,32",2.156,Black,10,18
TEAMGROUP T-Force Delta RGB 64 GB,194.99,"5,6000","2,32",3.047,White / Silver,12.667,38
G.Skill Trident Z RGB 16 GB,55.99,"4,3200","2,8",3.499,Black,10,16
G.Skill Ripjaws V 32 GB,68.99,"4,3600","2,16",2.156,Black,10,18
Corsair Vengeance LPX 32 GB,1139,"4,3866","4,8",35.594,,9.312,18
TEAMGROUP T-Create Expert 32 GB,91.99,"5,6000","2,16",2.875,Black,12.667,38
Corsair Vengeance RGB 64 GB,229.9,"5,6000","2,32",3.592,White / Silver,10,30
ADATA XPG Lancer Blade RGB 32 GB,182.39,"5,6000","2,16",5.7,Black,10,30
TEAMGROUP T-Create Expert 32 GB,102.99,"5,6000","2,16",3.218,White,10,30
G.Skill Ripjaws S5 32 GB,109.99,"5,6000","2,16",3.437,White,10,30
Kingston FURY Beast 16 GB,87.62,"5,6000","2,8",5.476,Black / Silver,12,36
G.Skill Trident Z5 RGB 64 GB,214.99,"5,6400","2,32",3.359,White / Black,10,32
ADATA XPG SPECTRIX D50 16 GB,49.99,"4,3200","2,8",3.124,White,10,16
Lexar THOR OC 32 GB,103.24,"5,6000","2,16",3.226,Black / Gold,10.667,32
OLOy MD4U083216BJDA 16 GB,39.99,"4,3200","2,8",2.499,Black,10,16
Corsair Vengeance RGB 32 GB,105.99,"5,6000","2,16",3.312,White / Silver,12,36
Crucial CT8G48C40U5 8 GB,31.75,"5,4800","1,8",3.969,Black,16.667,40
Crucial CT8G4DFRA32A 8 GB,19.98,"4,3200","1,8",2.498,Green,13.75,22
Corsair Vengeance 64 GB,189.99,"5,5600","2,32",2.969,Black,14.286,40
Corsair Vengeance LPX 16 GB,44.99,"4,3000","2,8",2.812,Black / Yellow,10,15
Corsair Dominator Platinum RGB 64 GB,369.99,"5,6600","4,16",5.781,Black,9.697,32
TEAMGROUP T-Force Delta RGB 16 GB,49.99,"4,3200","2,8",3.124,White,10,16
Corsair Dominator Titanium 96 GB,449.99,"5,6600","2,48",4.687,White,9.697,32
Timetec PINNACLE Konduit 32 GB,61.99,"4,3600","2,16",1.937,White,10,18
TEAMGROUP T-Force Delta RGB 32 GB,129.99,"5,7200","2,16",4.062,Black / White,9.444,34
Kingston FURY 128 GB,465.47,"5,5600","4,32",3.636,White,14.286,40
Crucial CT16G48C40U5 16 GB,44.99,"5,4800","1,16",2.812,Black,16.667,40
G.Skill Flare X5 32 GB,104.99,"5,6000","2,16",3.281,Black,10.667,32
Kingston FURY Beast 16 GB,49,"4,3600","2,8",3.062,Black,9.444,17
TEAMGROUP T-Force Delta RGB 32 GB,104.99,"5,6400","2,16",3.281,Black,12.5,40
Corsair Vengeance LPX 16 GB,54.99,"4,3600","2,8",3.437,Black / Yellow,8.889,16
Crucial Ballistix 16 GB,,"4,3200","2,8",,Black,10,16
TEAMGROUP T-Force DELTAÎ± RGB 32 GB,102.99,"5,6000","2,16",3.218,White,12.667,38
Corsair Vengeance 192 GB,659.99,"5,5200","4,48",3.437,Black,14.615,38
Corsair Vengeance RGB Pro 64 GB,194.99,"4,3600","4,16",3.047,Black,10,18
Kingston HyperX Fury 8 GB,,"4,2666","1,8",,Black,12.003,16
Corsair Vengeance 64 GB,244.99,"5,6600","2,32",3.828,Black / Gray,9.697,32
Corsair Vengeance 32 GB,119.99,"5,6000","2,16",3.75,Black / Silver,10,30
G.Skill Trident Z5 RGB 32 GB,189.99,"5,7800","2,16",5.937,Black,9.231,36
TEAMGROUP T-Force Vulcan 32 GB,89.99,"5,5600","2,16",2.812,Red,11.429,32
Corsair Vengeance 32 GB,159.99,"5,7200","2,16",5,Gray,9.444,34
TEAMGROUP Elite Plus 16 GB,,"5,4800","2,8",,Black,16.667,40
G.Skill Trident Z Royal 32 GB,105.99,"4,3600","2,16",3.312,Silver,10.556,19
Kingston ValueRAM 1 GB,10.03,"2,667","1,1",10.03,Green,14.993,5
TEAMGROUP T-Force Delta RGB 32 GB,99.99,"5,5600","2,16",3.125,White,12.857,36
Corsair Vengeance RGB Pro 64 GB,149.99,"4,3200","2,32",2.344,Black,10,16
G.Skill Trident Z5 RGB 48 GB,299.99,"5,8200","2,24",6.25,White / Black,9.756,40
Crucial CT25664AA667 2 GB,10,"2,667","1,2",5,Green,14.993,5
Corsair Vengeance LPX 32 GB,95.99,"4,3600","4,8",3,Black / Yellow,10,18
Kingston FURY Beast RGB 64 GB,239.99,"5,6000","2,32",3.75,Black,12,36
G.Skill Trident Z5 Neo RGB 32 GB,113.99,"5,6000","2,16",3.562,Silver / Black,10,30
TEAMGROUP T-Create Expert 32 GB,59.99,"4,3200","2,16",1.875,Gray,10,16
Corsair Vengeance 32 GB,104.99,"5,6000","2,16",3.281,Black,12,36
G.Skill Ripjaws X 16 GB,37.99,"3,1600","2,8",2.374,Black / Red,12.5,10
Patriot Viper Venom 32 GB,97.99,"5,6400","2,16",3.062,Black / White,10,32
TEAMGROUP T-Force Delta RGB 32 GB,99.99,"5,5600","2,16",3.125,Black,12.857,36
G.Skill Aegis 32 GB,62.99,"4,3200","2,16",1.968,Red / Black,10,16
Corsair Vengeance LPX 64 GB,152.09,"4,3600","4,16",2.376,Black,10,18
Corsair Vengeance LPX 32 GB,94.99,"4,3600","2,16",2.968,Black / Yellow,8.889,16
G.Skill Trident Z5 RGB 32 GB,239.99,"5,8000","2,16",7.5,Black,9.5,38
G.Skill Trident Z RGB 128 GB,289.99,"4,3600","4,32",2.266,Black,10,18
Corsair Vengeance RGB Pro 16 GB,64.98,"4,3600","2,8",4.061,White,10,18
Corsair Vengeance RGB 64 GB,259.99,"5,6000","4,16",4.062,Black,12,36
TEAMGROUP T-Force Vulcan 32 GB,104.99,"5,6400","2,16",3.281,Black / Silver,10,32
Kingston FURY Beast 32 GB,124.87,"5,5600","2,16",3.902,Black,12.857,36
TEAMGROUP Elite 32 GB,75.98,"5,4800","2,16",2.374,Black,16.667,40
Corsair Vengeance 32 GB,119.99,"5,6200","2,16",3.75,Black / Silver,9.677,30
G.Skill Ripjaws S5 64 GB,204.99,"5,6400","2,32",3.203,Black,10,32
Patriot Viper Venom 16 GB,65.98,"5,5600","2,8",4.124,Black / White,14.286,40
G.Skill Trident Z5 RGB 48 GB,299.99,"5,8200","2,24",6.25,Black,9.756,40
Silicon Power XPOWER Turbine 32 GB,54.97,"4,3200","2,16",1.718,Blue,10,16
Kingston FURY Beast RGB 32 GB,98.14,"4,3200","2,16",3.067,Black,10,16
Samsung M378A1K43CB2-CRC 8 GB,18.01,"4,2400","1,8",2.251,Green,14.167,17
TEAMGROUP T-Force Delta RGB 32 GB,98.99,"5,6000","2,16",3.093,Black,12.667,38
Lexar Ares RGB 32 GB,114.99,"5,6400","2,16",3.593,Black / Silver,10,32
G.Skill Trident Z5 RGB 32 GB,164.99,"5,7600","2,16",5.156,Black,9.474,36
Corsair Dominator Titanium 64 GB,299.99,"5,6000","2,32",4.687,White,10,30
Patriot Signature Line 16 GB,26.99,"4,2666","1,16",1.687,Black,14.254,19
Corsair Dominator Titanium 32 GB,209.99,"5,7200","2,16",6.562,White,9.444,34
G.Skill Ripjaws V 64 GB,129.99,"4,3600","2,32",2.031,Black,10,18
TEAMGROUP T-Create Expert 32 GB,99.99,"5,6400","2,16",3.125,Black,10,32
Patriot Viper Steel 16 GB,39.99,"4,3200","2,8",2.499,Silver / Black,10,16
Corsair Vengeance 16 GB,54.99,"5,5200","1,16",3.437,Black,15.385,40
G.Skill Trident Z5 RGB 32 GB,114.99,"5,5600","2,16",3.593,Black,10,28
Kingston FURY Renegade 32 GB,139.38,"4,3600","2,16",4.356,Black,8.889,16
Silicon Power XPOWER Zenith Gaming 32 GB,94.97,"5,6000","2,16",2.968,White,10,30
Corsair Vengeance 32 GB,99.99,"5,5200","2,16",3.125,White,15.385,40
Corsair Dominator Titanium 32 GB,184.99,"5,6000","2,16",5.781,Black,10,30
G.Skill Ripjaws V 16 GB,34.99,"4,3200","1,16",2.187,Black,10,16
G.Skill Ripjaws V 32 GB,81.96,"4,4400","2,16",2.561,Black,8.636,19
Crucial Classic 16 GB,55.99,"5,5600","2,8",3.499,Black,16.429,46
G.Skill Trident Z5 RGB 32 GB,115.99,"5,6400","2,16",3.625,White / Black,10,32
G.Skill Trident Z Neo 16 GB,64.99,"4,3600","2,8",4.062,Black / Silver,8.889,16
TEAMGROUP T-Force Vulcan Z 32 GB,64.98,"4,4000","2,16",2.031,Gray,9,18
Corsair Vengeance RGB Pro 32 GB,124.99,"4,3200","4,8",3.906,White,10,16
Corsair Vengeance RGB RT 32 GB,104.99,"4,3600","2,16",3.281,Black,8.889,16
TEAMGROUP T-Force Delta RGB 16 GB,49.99,"4,3200","2,8",3.124,Black,10,16
Corsair Vengeance 64 GB,279.99,"5,6600","4,16",4.375,Black / Gray,9.697,32
TEAMGROUP T-Force Vulcan 32 GB,102.99,"5,6000","2,16",3.218,Black,10,30
TEAMGROUP Elite 32 GB,78.98,"5,5600","2,16",2.468,Black,16.429,46
Samsung M378B5173DB0-CK0 4 GB,10.07,"3,1600","1,4",2.518,Green,13.75,11
G.Skill Trident Z5 RGB 48 GB,378,"5,8400","2,24",7.875,White,9.524,40
Crucial Pro 64 GB,119.99,"4,3200","2,32",1.875,Black / Green,13.75,22
Crucial Pro 64 GB,174.99,"5,5600","2,32",2.734,Black,16.429,46
Patriot Viper Venom 32 GB,112.99,"5,7000","2,16",3.531,Black / White,9.143,32
G.Skill Aegis 16 GB,37.99,"4,3000","2,8",2.374,Black / Red,10.667,16
Lexar Hades OC 32 GB,60.82,"4,3600","2,16",1.901,Gray / Black,10,18
Corsair Vengeance RGB 96 GB,284.99,"5,5600","2,48",2.969,Black,14.286,40
Kingston Server Premier 64 GB,153.88,"4,3200","1,64",2.404,,13.75,22
Corsair Vengeance LPX 128 GB,269.99,"4,3200","4,32",2.109,Black / Yellow,10,16
Corsair Vengeance RGB Pro SL 32 GB,82.99,"4,3600","2,16",2.593,Black,10,18
TEAMGROUP T-Force Delta RGB 32 GB,124.99,"5,7200","2,16",3.906,White / Gray,9.444,34
Corsair Vengeance 32 GB,96.99,"5,5600","2,16",3.031,Black / Gray,14.286,40
Corsair Vengeance RGB RT 32 GB,144.99,"4,4600","2,16",4.531,Black,7.826,18
Corsair Vengeance RGB Pro 64 GB,154.97,"4,3600","2,32",2.421,Black,10,18
Crucial CT2K8G4DFRA32A 16 GB,43.98,"4,3200","2,8",2.749,Green,13.75,22
Kingston KVR1333D3N9HK2/8G 8 GB,49.99,"3,1333","2,4",6.249,Green,13.503,9
Corsair Vengeance LPX 32 GB,71.98,"4,2133","2,16",2.249,Black / Yellow,12.189,13
Supermicro MEM-DR412L-SL02-LR26 128 GB,,"4,2666","1,128",,Green / Black,16.504,22
Corsair Vengeance RGB RS 16 GB,59.99,"4,3200","2,8",3.749,Black / Gray,10,16
Kingston FURY Beast RGB 16 GB,87.99,"5,5600","2,8",5.499,Black,14.286,40
Patriot Viper Steel 32 GB,64.99,"4,3200","2,16",2.031,Silver / Black,10,16
Corsair Dominator Titanium 96 GB,459.99,"5,6000","4,24",4.792,Black,10,30
Kingston FURY Beast RGB 16 GB,,"5,6000","2,8",,Black,12,36
Kingston FURY Beast RGB 16 GB,84.99,"5,5200","2,8",5.312,Black,15.385,40
Corsair Vengeance LPX 16 GB,44.99,"4,2400","2,8",2.812,Black / Yellow,13.333,16
Lexar THOR 16 GB,60.05,"4,3200","2,8",3.753,Black,10,16
Corsair Dominator Platinum RGB 32 GB,214.99,"5,7600","2,16",6.718,Black,9.474,36
Corsair Vengeance RGB 32 GB,124.67,"5,6000","2,16",3.896,Black / Gray,12,36
G.Skill Ripjaws S5 64 GB,239.99,"5,6800","2,32",3.75,Black,10,34
Corsair Dominator Titanium 48 GB,269.99,"5,7200","2,24",5.625,Black,10,36
Corsair Vengeance RGB 32 GB,119.99,"5,6000","2,16",3.75,Black / Gray,10,30
Corsair Vengeance LPX 32 GB,72.99,"4,3600","2,16",2.281,Black,10,18
Corsair Vengeance 32 GB,119.99,"5,5600","2,16",3.75,White,12.857,36
TEAMGROUP T-Force Delta RGB 32 GB,104.99,"5,6400","2,16",3.281,White,12.5,40
TEAMGROUP T-Force Vulcan Z 16 GB,35.99,"4,3200","2,8",2.249,Red,10,16
Patriot Viper Xtreme 5 32 GB,174.99,"5,8200","2,16",5.468,Black,9.268,38
Kingston FURY Beast 32 GB,89.99,"4,3600","2,16",2.812,Black,10,18
Kingston FURY Beast 64 GB,230.99,"5,6000","2,32",3.609,Black / Silver,12,36
Corsair Dominator Platinum RGB 32 GB,119.99,"5,5200","2,16",3.75,Black / Silver,15.385,40
Corsair Dominator Platinum RGB 64 GB,309.99,"5,5600","4,16",4.844,Black,12.857,36
TEAMGROUP T-Force Delta RGB 48 GB,250.97,"5,8200","2,24",5.229,Black,9.268,38
TEAMGROUP Elite 16 GB,,"5,5200","2,8",,Black,16.154,42
G.Skill Ripjaws V 8 GB,69.98,"4,2400","1,8",8.748,Red,12.5,15
Corsair Vengeance 96 GB,354.99,"5,6000","2,48",3.698,Black / Silver,10,30
TEAMGROUP T-Create Expert 32 GB,60.99,"4,3600","2,16",1.906,Gray,10,18
Klevv BOLT V 32 GB,99.99,"5,6000","2,16",3.125,Black,10,30
G.Skill Trident Z RGB 32 GB,84.99,"4,4000","2,16",2.656,Black,9,18
TEAMGROUP T-Force Vulcan 16 GB,64.98,"5,5200","2,8",4.061,Black,15.385,40
G.Skill Ripjaws S5 96 GB,319.99,"5,6400","2,48",3.333,Black,10,32
Corsair Vengeance 96 GB,269.99,"5,5200","2,48",2.812,Black,14.615,38
TEAMGROUP T-Create Classic 16 GB,36.99,"4,3200","2,8",2.312,Silver,13.75,22
Kingston FURY Beast 16 GB,43.59,"4,3200","1,16",2.724,Black,10,16
OLOy ND4U1632161DJ0DA 32 GB,54.99,"4,3200","2,16",1.718,Black,10,16
Corsair Vengeance RGB Pro SL 64 GB,184.99,"4,3600","4,16",2.89,White,10,18
ADATA XPG Lancer Blade RGB 32 GB,114.99,"5,6400","2,16",3.593,Black,10,32
G.Skill Trident Z5 RGB 32 GB,119.99,"5,6400","2,16",3.75,Silver / Black,10,32
Corsair Vengeance LPX 8 GB,24.99,"4,3200","1,8",3.124,Black / Yellow,10,16
Corsair Vengeance RGB 32 GB,139.99,"5,6200","2,16",4.375,White,11.613,36
Lexar THOR 32 GB,85.75,"4,3200","2,16",2.68,Black,10,16
TEAMGROUP T-Create Expert 32 GB,129.99,"5,7200","2,16",4.062,Black,9.444,34
Crucial CT64G4YFQ426S 64 GB,649.95,"4,2666","1,64",10.155,Green / Black,14.254,19
Corsair Vengeance 64 GB,179.99,"5,5200","2,32",2.812,White,15.385,40
Corsair Dominator Platinum RGB 64 GB,239.99,"5,5600","2,32",3.75,White,14.286,40
Corsair Vengeance 32 GB,125.41,"5,5600","2,16",3.919,Gray,12.857,36
Kingston HyperX Fury 16 GB,,"4,2666","2,8",,Black,12.003,16
G.Skill Trident Z RGB 32 GB,109.99,"4,3200","4,8",3.437,Black,10,16
G.Skill Trident Z5 RGB 64 GB,214.99,"5,6000","2,32",3.359,Black,10,30
Corsair Vengeance RGB 32 GB,114.99,"5,6400","2,16",3.593,Black,11.25,36
TEAMGROUP T-Create Expert 32 GB,94.99,"5,6000","2,16",2.968,White,12.667,38
Kingston FURY Beast 32 GB,115.85,"5,5200","2,16",3.62,Black / Silver,15.385,40
G.Skill Trident Z5 RGB 32 GB,129.99,"5,7200","2,16",4.062,Silver / Black,9.444,34
Patriot Viper 4 Blackout 64 GB,109.99,"4,3200","2,32",1.719,Black,10,16
Corsair Vengeance LPX 32 GB,75.98,"4,2666","2,16",2.374,Black / Yellow,12.003,16
Patriot Signature Premium 16 GB,36.99,"4,2666","2,8",2.312,Black,14.254,19
ADATA XPG GAMMIX D20 16 GB,70.23,"4,3200","2,8",4.389,Black / Silver,10,16
Corsair Dominator Titanium 64 GB,339.99,"5,6400","4,16",5.312,Black,10,32
G.Skill Trident Z5 RGB 32 GB,117.99,"5,6000","2,16",3.687,Black,10,30
Patriot Viper 3 16 GB,26.99,"3,1866","2,8",1.687,Black / Silver,10.718,10
G.Skill Trident Z RGB 32 GB,99.99,"4,4400","2,16",3.125,Black,8.636,19
G.Skill Trident Z RGB 96 GB,339.99,"5,6400","2,48",3.542,Black,10,32
Crucial Pro 96 GB,312.99,"5,5600","2,48",3.26,Black,16.429,46
Corsair Vengeance RGB 64 GB,249.99,"5,6600","2,32",3.906,Black / Gray,9.697,32
G.Skill Ripjaws S5 48 GB,149.99,"5,6400","2,24",3.125,Black,10,32
Samsung M378A2K43CB1-CTD 16 GB,30.32,"4,2666","1,16",1.895,Green / Black,14.254,19
G.Skill Trident Z5 RGB 32 GB,124.99,"5,6800","2,16",3.906,Black / Silver,10,34
Corsair Dominator Titanium 32 GB,209.99,"5,7200","2,16",6.562,Black,9.444,34
Kingston FURY Beast 16 GB,72.47,"5,4800","2,8",4.529,Black,15.833,38
Corsair Dominator Platinum RGB 32 GB,169.99,"5,6000","2,16",5.312,Black,10,30
Crucial CT8G4DFS824A 8 GB,17.98,"4,2400","1,8",2.248,Green,14.167,17
Kingston HyperX Fury 32 GB,,"4,3200","2,16",,Black,10,16
Gigabyte AORUS RGB 32 GB,,"5,6000","2,16",,Black,13.333,40
Corsair Vengeance RGB Pro SL 16 GB,53.99,"4,3200","2,8",3.374,White / Black,10,16
Corsair Vengeance 32 GB,119.99,"5,6000","2,16",3.75,Black,12,36
Crucial CT2K32G48C40U5 64 GB,159.49,"5,4800","2,32",2.492,Black,16.667,40
Corsair Vengeance 32 GB,114.99,"5,6000","2,16",3.593,Black,12,36
TEAMGROUP T-Create Expert 32 GB,99.99,"5,6400","2,16",3.125,White,10,32
G.Skill Trident Z5 Neo RGB 64 GB,219.99,"5,6000","2,32",3.437,Silver / Black,10,30
Corsair Vengeance LPX 64 GB,147.99,"4,3200","4,16",2.312,Black / Yellow,10,16
Corsair Vengeance RGB RS 32 GB,79.98,"4,3200","2,16",2.499,Black / Gray,10,16
Corsair Dominator Titanium 48 GB,269.99,"5,7200","2,24",5.625,White,10,36
Corsair Dominator Titanium 64 GB,299.99,"5,6000","2,32",4.687,Black,10,30
G.Skill Trident Z Neo 64 GB,204.99,"4,3600","4,16",3.203,Black / Silver,8.889,16
TEAMGROUP Elite 8 GB,17.98,"4,2666","1,8",2.248,Black,14.254,19
Corsair Vengeance RGB Pro 32 GB,122.99,"4,3200","2,16",3.843,Black,10,16
Kingston FURY Beast RGB 16 GB,55,"4,3600","2,8",3.438,Black,9.444,17
Klevv BOLT X 16 GB,39.99,"4,3600","2,8",2.499,Black,10,18
Corsair Dominator Titanium 32 GB,214.99,"5,7000","2,16",6.718,White,9.714,34
Corsair Dominator Platinum RGB 32 GB,119.99,"4,3200","2,16",3.75,Black,10,16
Corsair Vengeance RGB 32 GB,124.99,"5,6400","2,16",3.906,White / Black,11.25,36
G.Skill Trident Z5 RGB 64 GB,214.99,"5,6000","2,32",3.359,White / Black,10,30